title,company,location,link
Intern,HCL America Inc,"Redmond, WA",https://www.indeed.com/viewjob?jk=ed8181172c71e9ba
"Software Engineer, Recent Graduate",eBay Inc.,"New York, NY",https://www.indeed.com/viewjob?jk=c2af3e354f23d1b3 
Part Time Python Developer/Intern,Cyber Financials,"Washington, DC",https://www.indeed.com/viewjob?jk=cd354c09c033e290
Junior/Intern Python Developer,Core Soft Tech,"Kansas City, MO",https://www.indeed.com/viewjob?jk=7bf1a1566e5b555a
Part Time Python Developer/Intern,Cyber Financials,"Washington, DC",https://www.indeed.com/viewjob?jk=cd354c09c033e290
Software Engineer Intern,EcoCart,"San Francisco, CA",https://www.indeed.com/viewjob?jk=6c27e2ac38c37639
Python Developer,creamitinc,"Dallas, TX",https://www.indeed.com/viewjob?jk=a349e3c201478e4e
Python Developer Intern,OXO Solutions,"Ruby, SC",https://www.indeed.com/viewjob?jk=84a541c104b5b24c
Python Developer,Thingbits,"Minneapolis, MN",https://www.indeed.com/viewjob?jk=ae9b820a90a0f303
Python Developer,Phrasee,Remote,https://www.indeed.com/viewjob?jk=085a511b377e3ecb
Data Scientist,Red Berry Innovations,"Springfield, NE",https://www.indeed.com/viewjob?jk=0ff4f84951bde1be
Python/Django Developer,Ted text LLC,"Virginia Beach, VA",https://www.indeed.com/viewjob?jk=8f8d3c7d1c86ae36
Python Developer,DataLab USA,"Germantown, MD",https://www.indeed.com/viewjob?jk=41b61a6627f5de2b
Python Developer,9th networks Inc,"Dallas, TX",https://www.indeed.com/viewjob?jk=b0042c932ae3b7ef
Software Engineer Intern,PayPal,"Omaha, NE",https://www.indeed.com/viewjob?jk=2f3de9bc7a9eae76
Python/Django Developer,"Scanslated, Inc.","Tampa, FL",https://www.indeed.com/viewjob?jk=51a41be98b9cf023
SDET Engineer w/ Python,TeknoSpar,"Nashville, TN",https://www.indeed.com/viewjob?jk=5f750cf7e83eaea3
(Remote) Need experienced Python developer - intern or part-time,Bitpush Inc.,"New York, NY",https://www.indeed.com/viewjob?jk=bd0fd7d255b93134
Citi is Hiring! Virtual Career Fair - Technology Opportunities!,Citi,"Tampa, FL",https://www.indeed.com/viewjob?jk=624b335251fbdaa6
Python Developer (Full-time),Panther IT,"Dallas, TX",https://www.indeed.com/viewjob?jk=30ecab43a4b691a1
Software Engineering Intern,Eventeny,Remote,https://www.indeed.com/viewjob?jk=28879eaacfb55ea6
Sr. Python Developer (100% Remote),Nota Bene Global Services Inc,"Nashville, TN",https://www.indeed.com/viewjob?jk=49f3a4dd6616c437
Python Developer- healthcare,Scaleneworks,"Chantilly, VA",https://www.indeed.com/viewjob?jk=eff64e76e9857bab
Software Engineer - Junior (C++/Python),Boston Dynamics,"Waltham, MA",https://www.indeed.com/viewjob?jk=0fb17bc73ff9274f
Python Developer (Intern),Agari,California,https://www.indeed.com/viewjob?jk=bb41148e042442f4
Full Stack Developer,Red Berry Innovations,"Springfield, NE",https://www.indeed.com/viewjob?jk=b61cfc46dd9ad154
Django- Python Developer,IBL Education,"New York, NY",https://www.indeed.com/viewjob?jk=ffee889e2442d9c0
Data Scientist,HTI Labs,"Omaha, NE",https://www.indeed.com/viewjob?jk=407bdfce2af66518
Django Developer,LangType,"San Rafael, CA",https://www.indeed.com/viewjob?jk=b1f6de4805251c58
Python Developer,Callibus Inc,"Pittsburgh, PA",https://www.indeed.com/viewjob?jk=ddbaf4dac5ae16c7
Python Developer,AllianceBernstein,"Nashville, TN",https://www.indeed.com/viewjob?jk=0f71f5aead70e2de
University Grad Software Engineer,Pinterest,"Seattle, WA",https://www.indeed.com/viewjob?jk=0abce2df3bc12096
Python/ReactJS Software Developer,2nd Logic,"Washington, DC",https://www.indeed.com/viewjob?jk=f0e88120f8bef3fe
Software Development Intern,Scout Learning Pods,"New York, NY",https://www.indeed.com/viewjob?jk=7da31793a4b33246
DevOps Intern,Jelecos,"Omaha, NE",https://www.indeed.com/viewjob?jk=97e6cb4be469aa6a
Python Developer,Spire Digital,"Denver, CO",https://www.indeed.com/viewjob?jk=6f1c7fcc5a94a198
Jr. Data Analyst (New Graduates-2021),Deliverr Inc,California,https://www.indeed.com/viewjob?jk=e740847aaad8e65b
Analytics Consulting Associate,Komodo Health,California,https://www.indeed.com/viewjob?jk=f798c928bc70e054
Data Scientist,Lore Ventures,"Palo Alto, CA",https://www.indeed.com/viewjob?jk=35d4088a490e2b7f
Intern,HCL America Inc,"Redmond, WA",https://www.indeed.com/viewjob?jk=ed8181172c71e9ba
Business Analyst,PayPal,"Omaha, NE",https://www.indeed.com/viewjob?jk=105327e6e7758af6
Sr. Python Developer,HanuWork,"Hartford, CT",https://www.indeed.com/viewjob?jk=630fe187f07eaa71
"HEALTHCARE ANALYTICS SPECIALIST, SR - DAYS/REMOTE",MU Health Care,"Columbia, MO",https://www.indeed.com/viewjob?jk=c647ae53b7665633
Sr. Python Developer,Caspex,"Fremont, CA",https://www.indeed.com/viewjob?jk=b11b1e7cdf0f02f4
Atmospheric Scientist I,"Science System and Applications, Inc.","Omaha, NE",https://www.indeed.com/viewjob?jk=3e96206d5ebaefbd
"Software Developer, Python","US News & World Report ,L.P.","Washington, DC",https://www.indeed.com/viewjob?jk=790150ae2e3ae646
Systems Administrator,"The Nichols Group, P.A.","St. Louis, MO",https://www.indeed.com/viewjob?jk=e57b2638bbac2ad2
Python Developer,Emonics LLC,"Jersey City, NJ",https://www.indeed.com/viewjob?jk=32831ec12ac6eec7
Data Analyst Intern,PayPal,"Omaha, NE",https://www.indeed.com/viewjob?jk=32a6ca0100d10ed7
Software Engineer Intern (Python),Vectorworks Inc.,"Columbia, MD",https://www.indeed.com/viewjob?jk=b2e60f03c3f7dd3b
Content Creator,LeetCode,Remote,https://www.indeed.com/viewjob?jk=e94af63cb41ad9b5
Software Engineering - Python Developer,"JPMorgan Chase Bank, N.A.","New York, NY",https://www.indeed.com/viewjob?jk=993c284a0a3ca466
Python Developer,Gallega Software Solutions Inc,"Indianapolis, IN",https://www.indeed.com/viewjob?jk=06b187c86ed5a17c
Python Expert Reviewer,Quantic School of Business and Technology,Remote,https://www.indeed.com/viewjob?jk=28ec0b9b8a6434d5
Python Developer,Systech Corp,Remote,https://www.indeed.com/viewjob?jk=4d6e2b42ed19c1ec
Data Analyst - Merch/Food and Bev,Target,"Minneapolis, MN",https://www.indeed.com/viewjob?jk=b5f3cd8557fcd5c6
"HEALTHCARE ANALYTICS SPECIALIST, SR - DAYS/REMOTE",MU Health Care,"Columbia, MO",https://www.indeed.com/viewjob?jk=c647ae53b7665633
Sr. Python Developer,Caspex,"Fremont, CA",https://www.indeed.com/viewjob?jk=b11b1e7cdf0f02f4
Atmospheric Scientist I,"Science System and Applications, Inc.","Omaha, NE",https://www.indeed.com/viewjob?jk=3e96206d5ebaefbd
"Software Developer, Python","US News & World Report ,L.P.","Washington, DC",https://www.indeed.com/viewjob?jk=790150ae2e3ae646
Systems Administrator,"The Nichols Group, P.A.","St. Louis, MO",https://www.indeed.com/viewjob?jk=e57b2638bbac2ad2
Python Developer,Emonics LLC,"Jersey City, NJ",https://www.indeed.com/viewjob?jk=32831ec12ac6eec7
Data Analyst Intern,PayPal,"Omaha, NE",https://www.indeed.com/viewjob?jk=32a6ca0100d10ed7
Software Engineer Intern (Python),Vectorworks Inc.,"Columbia, MD",https://www.indeed.com/viewjob?jk=b2e60f03c3f7dd3b
Content Creator,LeetCode,Remote,https://www.indeed.com/viewjob?jk=e94af63cb41ad9b5
Software Engineering - Python Developer,"JPMorgan Chase Bank, N.A.","New York, NY",https://www.indeed.com/viewjob?jk=993c284a0a3ca466
Python Developer,Gallega Software Solutions Inc,"Indianapolis, IN",https://www.indeed.com/viewjob?jk=06b187c86ed5a17c
PYTHON DEVELOPER,Pythonwise,"Seattle, WA",https://www.indeed.com/viewjob?jk=1a20a1c56fb7df73
Backend Python Engineer,eTek IT Service | Savvysol,"Millbrae, CA",https://www.indeed.com/viewjob?jk=d64a1ff2eb4018c3
Data Engineer,GrainBridge,"Omaha, NE",https://www.indeed.com/viewjob?jk=e863fc3bcd7c4680
(Junior/Senior) Software Engineers (REMOTE),Changeis,"Oklahoma City, OK",https://www.indeed.com/viewjob?jk=c64137d68fc69062
Python Developer,Highbrow Technologies,"Bellevue, WA",https://www.indeed.com/viewjob?jk=70912d7ae92ee088
Software Engineer -Python Developer (Remote or Pittsburgh),Seegrid,Remote,https://www.indeed.com/viewjob?jk=05a5e79b86ab8d77
Junior Python Automation Engineer,Betsol,"Englewood, CO",https://www.indeed.com/viewjob?jk=2237054c79d82c4d
Python Developer Trainee,Cndro,"Houston, TX",https://www.indeed.com/viewjob?jk=0cf2026f52be6bc9
Quantitative Trader - Entry Level,Avatar Securities,"Chicago, IL",https://www.indeed.com/viewjob?jk=d01efa8dad29efdc
Python Software Developer,Accelpad,"Austin, TX",https://www.indeed.com/viewjob?jk=6434cb7410fafb16
Python/C/C++ Developer,Softnice,"New York, NY",https://www.indeed.com/viewjob?jk=dca588c6354d1002
Nike Sports Research Lab (NSRL) Researcher,Nike,"Beaverton, OR",https://www.indeed.com/viewjob?jk=6830e0b2ec317767
Senior Python Developer - Kiewit Data Services,Kiewit Corporation,"Omaha, NE",https://www.indeed.com/viewjob?jk=0d734234e630af5f
Software Engineer - Trainings and Placement,Tangle Systems LLC,"Lee's Summit, MO",https://www.indeed.com/viewjob?jk=08b47b2607c4f7bd
Python Developer,Scaleneworks,"Hartford, CT",https://www.indeed.com/viewjob?jk=d9e2a7417289458f
Software Engineer Intern,Wortharead,"San Francisco Bay Area, CA",https://www.indeed.com/viewjob?jk=bd7dc99185355c5e
Junior Developer - Python,Akuna Capital,"Chicago, IL",https://www.indeed.com/viewjob?jk=0b2c553a665c7d64
Full Stack Developers,PredICT Interactive,"Wichita, KS",https://www.indeed.com/viewjob?jk=f539ea178899c0a0
"Associate Engineer, Software - Dallas (Multiple Openings)",T-Mobile,"Frisco, TX",https://www.indeed.com/viewjob?jk=96287be7fbde7265
Data Scientist (All Levels) - Reduced Form Causal Analysis,Twitter,"Seattle, WA",https://www.indeed.com/viewjob?jk=5db3657b02c357cf
Data Scientist (entry level),Saturn Cloud,Remote,https://www.indeed.com/viewjob?jk=10ce94304e4f3254
100% Remote - BI Analyst with strong Analytics and SQL background,Epik Solutions,"Austin, TX",https://www.indeed.com/viewjob?jk=4cb8ed637bde0c71
"Product Analyst, Discovery",Pinterest,"San Francisco, CA",https://www.indeed.com/viewjob?jk=41910017ea639a0c
"Software Engineer (ETL, Python)",Travelers,"Saint Paul, MN",https://www.indeed.com/viewjob?jk=f47b3c22141ed73a
Data Analyst Intern,Westside Analytics,"Santa Monica, CA",https://www.indeed.com/viewjob?jk=a8eb7f31e1cf2fa3
Python Developer,Clara Digitech,"Sunnyvale, CA",https://www.indeed.com/viewjob?jk=669eee4008677aec
Python Developer,"Infinity Consulting Solutions, Inc.","New York, NY",https://www.indeed.com/viewjob?jk=cdc57556630f3944
Python Automation Test Engineer,Vertex IT Services,"Englewood, CO",https://www.indeed.com/viewjob?jk=1d537053bac3cbac
Jr. DataOps,People Tech Group,"Redmond, WA",https://www.indeed.com/viewjob?jk=0d510ad898d557aa
Data Scientist,DataLab USA,"Germantown, MD",https://www.indeed.com/viewjob?jk=e514d7f23ee0206b
Software Engineer,Dropbox,"Mountain View, CA",https://www.indeed.com/viewjob?jk=c03f1afdfc69d3c6
Junior Developer - Bootcamp grads welcome,Green Line Digital,"New York, NY",https://www.indeed.com/viewjob?jk=6d8acf7c3dba6483
Site Reliability Engineer,Nebraska Furniture Mart,"Omaha, NE",https://www.indeed.com/viewjob?jk=b60e32bab2f6e3f2
Applied Data Scientist,NEHII,"Omaha, NE",https://www.indeed.com/viewjob?jk=b1f20af7dcb69303
Python Intern,Space Telescope Science Institute,"Baltimore, MD",https://www.indeed.com/viewjob?jk=6f216ff49b262200
VP - Python and SQL,"JPMorgan Chase Bank, N.A.","Wilmington, DE",https://www.indeed.com/viewjob?jk=26e33e57891a18b4
Junior and Senior C++ Developers,Moxie Systems Inc,"Exton, PA",https://www.indeed.com/viewjob?jk=c7d1efb2fb41b41a
Sr. Python Developer,Scaleneworks Inc,"New York, NY",https://www.indeed.com/viewjob?jk=c053c7fe6c20eb9a
Senior Python & Django Developer,eMoney Advisor,Remote,https://www.indeed.com/viewjob?jk=5785fb5fdd857afa
